split,faultNumber,model,n_trajectories,mean_metric,median_metric,std_metric,minimum,maximum
test,0,decision_tree,500,0.18887990090164447,0.18181818181818182,0.0910420126707912,0.0,0.5
test,0,extra_trees,500,0.16141252695211744,0.15789473684210525,0.08430961586923856,0.0,0.48
test,0,hist_gradient_boosting,500,0.2319130273403341,0.22727272727272727,0.10265910567013038,0.0,0.5294117647058824
test,0,linear_svm,500,0.08091459731422626,0.07142857142857142,0.06424711609540497,0.0,0.3333333333333333
test,0,logistic_regression,500,0.0723005706797024,0.058823529411764705,0.060088025638592786,0.0,0.3333333333333333
test,0,random_forest,500,0.2062609679180653,0.2,0.09010970099059405,0.0,0.5384615384615384
test,1,decision_tree,500,0.8230437668553795,0.8297101449275363,0.08747703623678857,0.5,1.0
test,1,extra_trees,500,0.8306557121606343,0.8421052631578947,0.0870707706010386,0.5,1.0
test,1,hist_gradient_boosting,500,0.8207636513011299,0.8260869565217391,0.08998422839018261,0.5,1.0
test,1,linear_svm,500,0.8268675156818719,0.8333333333333334,0.08768261168823445,0.5,1.0
test,1,logistic_regression,500,0.8282277726167985,0.84,0.08734718620014878,0.5,1.0
test,1,random_forest,500,0.8277604754548274,0.8366666666666667,0.08718089473888947,0.5,1.0
test,2,decision_tree,500,0.8221758756534886,0.8260869565217391,0.08763568082116965,0.5,1.0
test,2,extra_trees,500,0.826876386692781,0.8333333333333334,0.08732798494739509,0.5,1.0
test,2,hist_gradient_boosting,500,0.8198353619552115,0.8260869565217391,0.08927610412104002,0.5,1.0
test,2,linear_svm,500,0.8259283522929258,0.8333333333333334,0.08785997987472044,0.5,1.0
test,2,logistic_regression,500,0.8245134603569162,0.8304597701149425,0.08740849085756495,0.5,1.0
test,2,random_forest,500,0.8265104967657146,0.8333333333333334,0.08735035023412772,0.5,1.0
test,3,decision_tree,500,0.17641378579734013,0.16954022988505746,0.08797234236065514,0.0,0.5294117647058824
test,3,extra_trees,500,0.2105180849261172,0.20761494252873564,0.0929258461270609,0.0,0.5714285714285714
test,3,hist_gradient_boosting,500,0.4029950833613498,0.391304347826087,0.11981854851164897,0.058823529411764705,0.7857142857142857
test,3,linear_svm,500,0.1252725392222648,0.11764705882352941,0.07797422604547183,0.0,0.4375
test,3,logistic_regression,500,0.06743982806708027,0.05555555555555555,0.05562846460932556,0.0,0.2777777777777778
test,3,random_forest,500,0.2808037838624558,0.2777777777777778,0.10812119556050412,0.0,0.7
test,4,decision_tree,500,0.7821710872092192,0.7894736842105263,0.09648798005766754,0.375,1.0
test,4,extra_trees,500,0.8337035554260878,0.8421052631578947,0.0860679174726263,0.5,1.0
test,4,hist_gradient_boosting,500,0.8236598058063241,0.8333333333333334,0.0880225500210591,0.5,1.0
test,4,linear_svm,500,0.8402575286766796,0.85,0.08389765897297148,0.5,1.0
test,4,logistic_regression,500,0.8363867894362856,0.8441295546558705,0.08504713794265187,0.5,1.0
test,4,random_forest,500,0.824125807930139,0.8260869565217391,0.08819958965626398,0.5,1.0
test,5,decision_tree,500,0.7576414183204896,0.7633053221288515,0.1033331384138951,0.25,1.0
test,5,extra_trees,500,0.8157043186224149,0.8181818181818182,0.09114820269532871,0.5,1.0
test,5,hist_gradient_boosting,500,0.825217949749971,0.8333333333333334,0.08832684419269374,0.5,1.0
test,5,linear_svm,500,0.8352036089469725,0.8421052631578947,0.08594062456574152,0.5,1.0
test,5,logistic_regression,500,0.8278234784243439,0.8333333333333334,0.0866994758973247,0.5,1.0
test,5,random_forest,500,0.8119819955401538,0.8110119047619048,0.092870853758556,0.47619047619047616,1.0
test,6,decision_tree,500,0.8363945774238125,0.8421052631578947,0.08436097655686643,0.5,1.0
test,6,extra_trees,500,0.8367888096383059,0.8461538461538461,0.08493734781663854,0.5,1.0
test,6,hist_gradient_boosting,500,0.8212422243196711,0.8260869565217391,0.0894565928824496,0.47058823529411764,1.0
test,6,linear_svm,500,0.7700767450801632,0.8,0.15174344601485756,0.25,1.0
test,6,logistic_regression,500,0.8106531484175377,0.8275862068965517,0.11457464499050402,0.25,1.0
test,6,random_forest,500,0.836900882750379,0.8461538461538461,0.08492444580193274,0.5,1.0
test,7,decision_tree,500,0.8370796320163992,0.8461538461538461,0.08472837362046592,0.5,1.0
test,7,extra_trees,500,0.836931666781163,0.8461538461538461,0.08479083741370849,0.5,1.0
test,7,hist_gradient_boosting,500,0.8344497725625505,0.8421052631578947,0.08521343052156034,0.5,1.0
test,7,linear_svm,500,0.8371923810668772,0.8461538461538461,0.08489719262180759,0.5,1.0
test,7,logistic_regression,500,0.8367888096383059,0.8461538461538461,0.08493734781663854,0.5,1.0
test,7,random_forest,500,0.836820555670052,0.8461538461538461,0.08468600440001486,0.5,1.0
test,8,decision_tree,500,0.6744567085928679,0.6666666666666666,0.11497530977011726,0.3333333333333333,1.0
test,8,extra_trees,500,0.7790264610257691,0.782608695652174,0.09930750194320785,0.4666666666666667,1.0
test,8,hist_gradient_boosting,500,0.7614752863509,0.7619047619047619,0.1005983546269805,0.4666666666666667,1.0
test,8,linear_svm,500,0.419699268993556,0.42105263157894735,0.13528001087207225,0.07692307692307693,0.875
test,8,logistic_regression,500,0.4248227638016183,0.4166666666666667,0.15388202358488937,0.0,0.8181818181818182
test,8,random_forest,500,0.7816827194761923,0.7841614906832298,0.09874575413820655,0.4666666666666667,1.0
test,9,decision_tree,500,0.18649462759025814,0.17391304347826086,0.09070741643548356,0.0,0.47058823529411764
test,9,extra_trees,500,0.23939067790631105,0.23529411764705882,0.09723550136366213,0.0,0.5882352941176471
test,9,hist_gradient_boosting,500,0.17663365686703364,0.17391304347826086,0.0871711035825241,0.0,0.47619047619047616
test,9,linear_svm,500,0.20355682406937411,0.2,0.09517131101536301,0.0,0.5882352941176471
test,9,logistic_regression,500,0.08543768343662451,0.07692307692307693,0.06514253235280279,0.0,0.3333333333333333
test,9,random_forest,500,0.23483059516217344,0.22727272727272727,0.09872653286239512,0.0,0.5714285714285714
test,10,decision_tree,500,0.573630859239044,0.5714285714285714,0.11943370591109118,0.2,0.9285714285714286
test,10,extra_trees,500,0.7022720288162229,0.7058823529411765,0.11120338828682903,0.3333333333333333,1.0
test,10,hist_gradient_boosting,500,0.6944551208801335,0.7047930283224402,0.11758920599388953,0.3333333333333333,1.0
test,10,linear_svm,500,0.0429424837840618,0.04083333333333333,0.050141072284224764,0.0,0.29411764705882354
test,10,logistic_regression,500,0.07825361126915895,0.06666666666666667,0.06086037766614069,0.0,0.3157894736842105
test,10,random_forest,500,0.7077701760998766,0.7142857142857143,0.11265515361175754,0.35294117647058826,1.0
test,11,decision_tree,500,0.6362366174649362,0.631578947368421,0.10717826170353713,0.35714285714285715,0.9090909090909091
test,11,extra_trees,500,0.6584932317208025,0.6666666666666666,0.10919101461404791,0.25,0.9411764705882353
test,11,hist_gradient_boosting,500,0.7050776818592978,0.7083333333333334,0.105330990371253,0.375,1.0
test,11,linear_svm,500,0.04053600374885587,0.041666666666666664,0.044026582688273475,0.0,0.2222222222222222
test,11,logistic_regression,500,0.11700261846395452,0.10714285714285714,0.07145130220609561,0.0,0.35
test,11,random_forest,500,0.6769607420791355,0.6842105263157895,0.10349865347323542,0.375,0.9411764705882353
test,12,decision_tree,500,0.6429352548240734,0.6521739130434783,0.13708655795565527,0.0,1.0
test,12,extra_trees,500,0.7397424850773845,0.7777777777777778,0.1653416354999606,0.0,1.0
test,12,hist_gradient_boosting,500,0.7575444707083068,0.7777777777777778,0.13002167007712578,0.0,1.0
test,12,linear_svm,500,0.07957377939685496,0.06666666666666667,0.0654372946278938,0.0,0.38461538461538464
test,12,logistic_regression,500,0.26051459779076536,0.25,0.12851104920836084,0.0,0.7333333333333333
test,12,random_forest,500,0.7636349222752816,0.7857142857142857,0.1384563189956554,0.0,1.0
test,13,decision_tree,500,0.6693301834236556,0.6818181818181818,0.1303248364039244,0.21052631578947367,1.0
test,13,extra_trees,500,0.7417302211794445,0.76,0.11811997708812134,0.19047619047619047,1.0
test,13,hist_gradient_boosting,500,0.7304716687363212,0.75,0.12356435044437535,0.10526315789473684,1.0
test,13,linear_svm,500,0.4381839766930678,0.42857142857142855,0.16604757187102417,0.0,1.0
test,13,logistic_regression,500,0.4730442858478609,0.47213622291021673,0.14253219356025273,0.05263157894736842,1.0
test,13,random_forest,500,0.7419158462046072,0.7609523809523809,0.11922341544629131,0.19047619047619047,1.0
test,14,decision_tree,500,0.8137586385472708,0.8235294117647058,0.09028586259384781,0.375,1.0
test,14,extra_trees,500,0.8038207082577684,0.8095238095238095,0.0924472060455244,0.375,1.0
test,14,hist_gradient_boosting,500,0.8146403896998653,0.8235294117647058,0.0930097596414055,0.375,1.0
test,14,linear_svm,500,0.1939699431182016,0.1875,0.08636857568884568,0.0,0.5
test,14,logistic_regression,500,0.030081750443572936,0.0,0.03637776560601377,0.0,0.16666666666666666
test,14,random_forest,500,0.814407642451541,0.8235294117647058,0.08922965296474696,0.375,1.0
test,15,decision_tree,500,0.17703468868405592,0.16666666666666666,0.08517229672366715,0.0,0.43478260869565216
test,15,extra_trees,500,0.2638345044455804,0.2631578947368421,0.1053497698176481,0.0,0.6190476190476191
test,15,hist_gradient_boosting,500,0.21521844676817015,0.2113237639553429,0.09689342517187206,0.0,0.5625
test,15,linear_svm,500,0.08082966904222129,0.07275132275132275,0.06237803905737112,0.0,0.3333333333333333
test,15,logistic_regression,500,0.067774860778556,0.058823529411764705,0.0555900943298381,0.0,0.25
test,15,random_forest,500,0.23960228322637137,0.23809523809523808,0.09797254411240508,0.0,0.5625
test,16,decision_tree,500,0.6003475119647287,0.603030303030303,0.11193595652212754,0.25,1.0
test,16,extra_trees,500,0.6333150362824235,0.631578947368421,0.11078508627525767,0.3,0.9230769230769231
test,16,hist_gradient_boosting,500,0.6853164164189703,0.6842105263157895,0.10377989527813727,0.35,1.0
test,16,linear_svm,500,0.1458458854019047,0.14285714285714285,0.08282941329957226,0.0,0.4
test,16,logistic_regression,500,0.08607681746838405,0.07692307692307693,0.06960550172711898,0.0,0.42105263157894735
test,16,random_forest,500,0.6556337351721875,0.6470588235294118,0.10771819829677198,0.35,1.0
test,17,decision_tree,500,0.7495046982754467,0.75,0.09690866816472549,0.45454545454545453,1.0
test,17,extra_trees,500,0.7825654882494063,0.7857142857142857,0.09611168940794598,0.5,1.0
test,17,hist_gradient_boosting,500,0.7811523699823117,0.7894736842105263,0.09784989053132079,0.4666666666666667,1.0
test,17,linear_svm,500,0.5861190202308199,0.5882352941176471,0.11498694873779641,0.29411764705882354,0.9375
test,17,logistic_regression,500,0.6958824732910764,0.7,0.10801621136979128,0.25,1.0
test,17,random_forest,500,0.7763336588919483,0.782608695652174,0.09796579940687451,0.5,1.0
test,18,decision_tree,500,0.7329721765441419,0.75,0.13966368695447323,0.047619047619047616,1.0
test,18,extra_trees,500,0.7455989091812356,0.7593103448275862,0.11208910100805698,0.1,1.0
test,18,hist_gradient_boosting,500,0.7622825866036621,0.7727272727272727,0.11784850230435884,0.13333333333333333,1.0
test,18,linear_svm,500,0.7237787563420297,0.7391304347826086,0.14037829858186282,0.13333333333333333,1.0
test,18,logistic_regression,500,0.7262778515266657,0.75,0.15501334202926928,0.07142857142857142,1.0
test,18,random_forest,500,0.7550988048506218,0.7647058823529411,0.11405745961106671,0.1,1.0
test,19,decision_tree,500,0.5749046347999646,0.5714285714285714,0.11394537155952449,0.2857142857142857,0.9473684210526315
test,19,extra_trees,500,0.770514335140936,0.7777777777777778,0.09196587905132358,0.5,1.0
test,19,hist_gradient_boosting,500,0.7490332722339086,0.76,0.095169168497129,0.42857142857142855,1.0
test,19,linear_svm,500,0.0692506770636162,0.058823529411764705,0.05977898622202914,0.0,0.29411764705882354
test,19,logistic_regression,500,0.0762514535708645,0.06666666666666667,0.06364296946104414,0.0,0.34615384615384615
test,19,random_forest,500,0.7354956844563325,0.7391304347826086,0.10240608759722736,0.375,1.0
test,20,decision_tree,500,0.5525169218705797,0.5555555555555556,0.11798687863177089,0.18181818181818182,0.9166666666666666
test,20,extra_trees,500,0.6395183757306535,0.6470588235294118,0.11240371547886369,0.3181818181818182,1.0
test,20,hist_gradient_boosting,500,0.6872663314506994,0.6875,0.1048140671236896,0.35714285714285715,1.0
test,20,linear_svm,500,0.6587443287219047,0.6666666666666666,0.1082851244917659,0.2608695652173913,0.9230769230769231
test,20,logistic_regression,500,0.6910689718716047,0.6956521739130435,0.10460166282979755,0.3793103448275862,1.0
test,20,random_forest,500,0.6388985357127179,0.6414285714285715,0.11035255527774017,0.3181818181818182,1.0
validation,0,decision_tree,100,0.15212339101498915,0.14634146341463414,0.055620065200622085,0.024390243902439025,0.3
validation,0,extra_trees,100,0.11331302890888714,0.1111111111111111,0.05139844654858072,0.02127659574468085,0.22807017543859648
validation,0,hist_gradient_boosting,100,0.2188538104375029,0.21153846153846154,0.06933873194870405,0.07894736842105263,0.43636363636363634
validation,0,linear_svm,100,0.07925989568254801,0.07294900221729489,0.04218666228171573,0.0,0.1956521739130435
validation,0,logistic_regression,100,0.07456459133786492,0.07142857142857142,0.038038672912036164,0.0,0.1590909090909091
validation,0,random_forest,100,0.15376460342757417,0.14877049180327867,0.059953739738934246,0.043478260869565216,0.3170731707317073
validation,1,decision_tree,100,0.947235612866653,0.9478221415607986,0.02779711915874943,0.8888888888888888,1.0
validation,1,extra_trees,100,0.9565560077705613,0.9569842738205365,0.026557455671318106,0.8947368421052632,1.0
validation,1,hist_gradient_boosting,100,0.9480690188674227,0.9459415584415585,0.029378268069354382,0.8888888888888888,1.0
validation,1,linear_svm,100,0.9398012925214053,0.9393877551020409,0.029230674746371612,0.8775510204081632,1.0
validation,1,logistic_regression,100,0.9439442371601582,0.9464285714285714,0.028391815587699175,0.8793103448275862,1.0
validation,1,random_forest,100,0.9556403089535027,0.9569842738205365,0.02653838562830165,0.8947368421052632,1.0
validation,2,decision_tree,100,0.9397867371077966,0.9439203354297694,0.03062272166955186,0.8571428571428571,1.0
validation,2,extra_trees,100,0.9440248274208853,0.9444444444444444,0.029401033543154813,0.8793103448275862,1.0
validation,2,hist_gradient_boosting,100,0.9416039815196291,0.9453300124533002,0.03214063752586497,0.8620689655172413,1.0
validation,2,linear_svm,100,0.938885235949094,0.9405416012558869,0.030719205881891205,0.868421052631579,1.0
validation,2,logistic_regression,100,0.9383962487422182,0.9405416012558869,0.030363315089991776,0.8571428571428571,1.0
validation,2,random_forest,100,0.9437579102767092,0.944949494949495,0.02993192176112184,0.868421052631579,1.0
validation,3,decision_tree,100,0.16040514404417633,0.16,0.050548951466751084,0.04081632653061224,0.28
validation,3,extra_trees,100,0.1555575409058077,0.1531942633637549,0.05865105337785253,0.05454545454545454,0.3389830508474576
validation,3,hist_gradient_boosting,100,0.43317988746597763,0.4318181818181818,0.0721161618925201,0.2926829268292683,0.627906976744186
validation,3,linear_svm,100,0.1185710126867146,0.1067629179331307,0.05159880178787607,0.01694915254237288,0.2459016393442623
validation,3,logistic_regression,100,0.06902310493105637,0.06539558089807555,0.03432668853448447,0.0,0.14893617021276595
validation,3,random_forest,100,0.2189703456041753,0.21071176885130374,0.06444827801058217,0.08163265306122448,0.3673469387755102
validation,4,decision_tree,100,0.8940231521825155,0.8933712121212121,0.04160939203953001,0.7894736842105263,0.9767441860465116
validation,4,extra_trees,100,0.9563231586155757,0.9581754590498397,0.02348774444163985,0.8947368421052632,1.0
validation,4,hist_gradient_boosting,100,0.9435961305156555,0.9417420814479638,0.028742362882609868,0.868421052631579,1.0
validation,4,linear_svm,100,0.9621914823430299,0.9611613876319759,0.024695238044799173,0.8947368421052632,1.0
validation,4,logistic_regression,100,0.9618401726357879,0.9607843137254902,0.025014165326478772,0.8947368421052632,1.0
validation,4,random_forest,100,0.9451007006504516,0.9464285714285714,0.028510783717286013,0.8620689655172413,1.0
validation,5,decision_tree,100,0.8732902468289062,0.8806779661016949,0.05236941852462444,0.7454545454545455,1.0
validation,5,extra_trees,100,0.945599876999126,0.9497476871320437,0.030150575763538683,0.868421052631579,1.0
validation,5,hist_gradient_boosting,100,0.9534166680650739,0.9560386473429952,0.025367237870628622,0.8809523809523809,1.0
validation,5,linear_svm,100,0.9552036344466122,0.9569842738205365,0.025962522803424277,0.8793103448275862,1.0
validation,5,logistic_regression,100,0.9473152637267384,0.944949494949495,0.026795524519175214,0.8793103448275862,1.0
validation,5,random_forest,100,0.946872397225929,0.9545454545454546,0.029528841179599502,0.8863636363636364,1.0
validation,6,decision_tree,100,0.9605888672358841,0.9607843137254902,0.02524878665302208,0.8947368421052632,1.0
validation,6,extra_trees,100,0.9622369368884844,0.9607843137254902,0.024361818258010336,0.8947368421052632,1.0
validation,6,hist_gradient_boosting,100,0.9511012498562207,0.9555555555555556,0.03163683997285745,0.8478260869565217,1.0
validation,6,linear_svm,100,0.9595164089354653,0.9603921568627451,0.030860504051718494,0.8113207547169812,1.0
validation,6,logistic_regression,100,0.9622369368884844,0.9607843137254902,0.024361818258010336,0.8947368421052632,1.0
validation,6,random_forest,100,0.9622369368884844,0.9607843137254902,0.024361818258010336,0.8947368421052632,1.0
validation,7,decision_tree,100,0.9598235350775915,0.96,0.0243338627168,0.8947368421052632,1.0
validation,7,extra_trees,100,0.9624369368884844,0.9611613876319759,0.024425281491767696,0.8947368421052632,1.0
validation,7,hist_gradient_boosting,100,0.9602053410092535,0.96,0.025908877008304618,0.8947368421052632,1.0
validation,7,linear_svm,100,0.9622369368884844,0.9607843137254902,0.024361818258010336,0.8947368421052632,1.0
validation,7,logistic_regression,100,0.9622369368884844,0.9607843137254902,0.024361818258010336,0.8947368421052632,1.0
validation,7,random_forest,100,0.9624369368884844,0.9611613876319759,0.024425281491767696,0.8947368421052632,1.0
validation,8,decision_tree,100,0.7573461343561506,0.7604347826086957,0.07252045462691528,0.56,0.9210526315789473
validation,8,extra_trees,100,0.8802819235120635,0.8863636363636364,0.05779694705312002,0.6976744186046512,1.0
validation,8,hist_gradient_boosting,100,0.8589098780639343,0.8636363636363636,0.06047869201721172,0.6511627906976745,0.9642857142857143
validation,8,linear_svm,100,0.4624153815123978,0.4699879951980792,0.12419952857623738,0.1875,0.7547169811320755
validation,8,logistic_regression,100,0.4439758056324196,0.4376940133037694,0.1698030895845713,0.05084745762711865,0.8301886792452831
validation,8,random_forest,100,0.8814649096074803,0.8897569444444444,0.05894648093909174,0.627906976744186,1.0
validation,9,decision_tree,100,0.1587734626231584,0.16,0.050102141344090065,0.03636363636363636,0.325
validation,9,extra_trees,100,0.16565643083116782,0.16035714285714286,0.06249762598077854,0.06666666666666667,0.3695652173913043
validation,9,hist_gradient_boosting,100,0.15434587975506578,0.1599025974025974,0.05661273244942556,0.022727272727272728,0.34210526315789475
validation,9,linear_svm,100,0.20633379489350426,0.20761494252873564,0.06208593571900121,0.058823529411764705,0.3898305084745763
validation,9,logistic_regression,100,0.0831336177068583,0.0747728860936408,0.04058760125481161,0.0,0.22448979591836735
validation,9,random_forest,100,0.16824310737448,0.1694915254237288,0.05389034276216793,0.023255813953488372,0.29545454545454547
validation,10,decision_tree,100,0.6396282118305481,0.6428571428571429,0.09604695166888332,0.4186046511627907,0.8837209302325582
validation,10,extra_trees,100,0.7749089278733519,0.7755102040816326,0.0931327776590539,0.5116279069767442,0.9767441860465116
validation,10,hist_gradient_boosting,100,0.7737681137516748,0.783461210571185,0.08786377685355995,0.5319148936170213,0.9767441860465116
validation,10,linear_svm,100,0.039794895469927705,0.0373864430468204,0.029733220797694165,0.0,0.1590909090909091
validation,10,logistic_regression,100,0.078774643595859,0.0747728860936408,0.04359201814738201,0.0,0.17391304347826086
validation,10,random_forest,100,0.786565125285417,0.7984375,0.08764106217888556,0.4883720930232558,0.9767441860465116
validation,11,decision_tree,100,0.6998443409708598,0.7045454545454546,0.07323022453336571,0.5510204081632653,0.8604651162790697
validation,11,extra_trees,100,0.7232299869646597,0.7307692307692307,0.07147042803311474,0.4782608695652174,0.8837209302325582
validation,11,hist_gradient_boosting,100,0.7879368357540075,0.7984375,0.06273781487637554,0.6326530612244898,0.9137931034482759
validation,11,linear_svm,100,0.04310148723176067,0.04,0.029699962977216575,0.0,0.13793103448275862
validation,11,logistic_regression,100,0.10740866103389474,0.09803921568627451,0.04720626154525859,0.020833333333333332,0.22727272727272727
validation,11,random_forest,100,0.7513766870886406,0.7544076708939066,0.065586928299768,0.5652173913043478,0.8888888888888888
validation,12,decision_tree,100,0.7321549032817576,0.7444334487877289,0.08214446809113618,0.2545454545454545,0.88
validation,12,extra_trees,100,0.8606562244976594,0.8897569444444444,0.12133231301061563,0.2727272727272727,0.9830508474576272
validation,12,hist_gradient_boosting,100,0.867969719722394,0.8829856584093871,0.0828072644779972,0.32727272727272727,1.0
validation,12,linear_svm,100,0.09302166434588659,0.09090909090909091,0.040668042208373265,0.0,0.19148936170212766
validation,12,logistic_regression,100,0.2737641473950385,0.27097902097902093,0.10602024765208223,0.09259259259259259,0.5714285714285714
validation,12,random_forest,100,0.8770766729372577,0.8968962585034014,0.09388755391293263,0.2909090909090909,1.0
validation,13,decision_tree,100,0.7584073043305952,0.7646153846153847,0.08792540059191109,0.4473684210526316,0.9347826086956522
validation,13,extra_trees,100,0.8262523419420391,0.8319209039548023,0.08304347787335428,0.5,0.975
validation,13,hist_gradient_boosting,100,0.8202052872291419,0.8222222222222222,0.07965767143869432,0.5,0.975
validation,13,linear_svm,100,0.4552209990725271,0.4390889830508474,0.19309694467238261,0.018867924528301886,0.8536585365853658
validation,13,logistic_regression,100,0.4934412951017185,0.4965753424657534,0.134535116689131,0.15384615384615385,0.8518518518518519
validation,13,random_forest,100,0.825686211137744,0.8346994535519126,0.08218294777256188,0.5,0.975
validation,14,decision_tree,100,0.9391195916047017,0.9366008698561392,0.030749784053611312,0.8421052631578947,1.0
validation,14,extra_trees,100,0.9238847561454709,0.9245283018867925,0.03457707585483527,0.8421052631578947,1.0
validation,14,hist_gradient_boosting,100,0.9378879918015406,0.9387755102040817,0.03257511363787399,0.8421052631578947,1.0
validation,14,linear_svm,100,0.22019384058604277,0.21818181818181817,0.05594887335977135,0.11320754716981132,0.4
validation,14,logistic_regression,100,0.02373842706553144,0.019803921568627453,0.021444945127653988,0.0,0.08163265306122448
validation,14,random_forest,100,0.9351039188033553,0.9338797814207651,0.0312016192514014,0.859375,1.0
validation,15,decision_tree,100,0.1596426908826497,0.16552511415525112,0.05308868114031138,0.05263157894736842,0.3333333333333333
validation,15,extra_trees,100,0.19022145795877637,0.18561584840654607,0.05533131911126485,0.041666666666666664,0.32608695652173914
validation,15,hist_gradient_boosting,100,0.20195036070871653,0.20408163265306123,0.06007762999817388,0.0625,0.3877551020408163
validation,15,linear_svm,100,0.07905772306688093,0.07767722473604827,0.04333234087337352,0.0,0.18
validation,15,logistic_regression,100,0.07002965535069497,0.06316489361702127,0.04105414132387179,0.0,0.19642857142857142
validation,15,random_forest,100,0.1869643648366849,0.18,0.06077134232920405,0.03636363636363636,0.3684210526315789
validation,16,decision_tree,100,0.6781766628357653,0.675939572586588,0.07368627449649029,0.5,0.8478260869565217
validation,16,extra_trees,100,0.7031368880971651,0.7022727272727273,0.0776516349636271,0.5,0.8695652173913043
validation,16,hist_gradient_boosting,100,0.7840349467197376,0.787847790507365,0.060469414573651736,0.6551724137931034,0.926829268292683
validation,16,linear_svm,100,0.14857335410225464,0.14017543859649123,0.053117134825848906,0.05084745762711865,0.3023255813953488
validation,16,logistic_regression,100,0.08529146687340983,0.08658170914542729,0.04712350892188747,0.0,0.2826086956521739
validation,16,random_forest,100,0.7493580127787837,0.7456086286594761,0.06975877987568804,0.5681818181818182,0.9107142857142857
validation,17,decision_tree,100,0.8202439023551276,0.8260869565217391,0.06553929259985493,0.6,0.9285714285714286
validation,17,extra_trees,100,0.8642355681751728,0.8672955974842768,0.05930090322312489,0.7021276595744681,0.975
validation,17,hist_gradient_boosting,100,0.863955420878818,0.8696114146933819,0.05993861281740107,0.7021276595744681,0.9787234042553191
validation,17,linear_svm,100,0.6479269850203295,0.6526175687666371,0.0732640747800092,0.4909090909090909,0.7954545454545454
validation,17,logistic_regression,100,0.7712262475823977,0.7722091194968554,0.07373628904206651,0.5531914893617021,0.9069767441860465
validation,17,random_forest,100,0.8558650655297998,0.8585714285714285,0.062121560517130844,0.6808510638297872,0.975
validation,18,decision_tree,100,0.7662760100507805,0.7883832778394377,0.10959956556846824,0.2602739726027397,0.94
validation,18,extra_trees,100,0.7930429634513944,0.8105053191489362,0.09098575261624291,0.5636363636363636,0.9452054794520548
validation,18,hist_gradient_boosting,100,0.8160857977839033,0.8252262443438914,0.08113992273147928,0.4186046511627907,0.96
validation,18,linear_svm,100,0.8001677324672233,0.8,0.07407181195052238,0.6181818181818182,0.96
validation,18,logistic_regression,100,0.810423378763829,0.8181818181818182,0.07567653716608012,0.6363636363636364,0.96
validation,18,random_forest,100,0.8079023610845962,0.8181818181818182,0.07658702353816553,0.5849056603773585,0.9452054794520548
validation,19,decision_tree,100,0.6576863293637557,0.66,0.07638432665374774,0.44680851063829785,0.8157894736842105
validation,19,extra_trees,100,0.8712690096349464,0.8773720014321518,0.04820022663716472,0.7391304347826086,0.9782608695652174
validation,19,hist_gradient_boosting,100,0.8611450112572493,0.8699677938808373,0.05245374058659036,0.7021276595744681,0.95
validation,19,linear_svm,100,0.06737329977086717,0.061553030303030304,0.0374252758563268,0.0,0.18181818181818182
validation,19,logistic_regression,100,0.08318109788774959,0.07921568627450981,0.03895571333211448,0.0,0.17857142857142858
validation,19,random_forest,100,0.8427167358153995,0.8462261616975557,0.05314666031736116,0.7021276595744681,0.9591836734693877
validation,20,decision_tree,100,0.613586929569235,0.6092258748674444,0.0795763265772418,0.375,0.7804878048780488
validation,20,extra_trees,100,0.7092670312308197,0.7074074074074075,0.07551825000323163,0.5,0.92
validation,20,hist_gradient_boosting,100,0.7630276343036101,0.7683363148479427,0.07293601026164617,0.5238095238095238,0.9387755102040817
validation,20,linear_svm,100,0.7368551073861728,0.7391304347826086,0.06784729376019603,0.5454545454545454,0.8666666666666667
validation,20,logistic_regression,100,0.7717761624057026,0.7777615429573349,0.06431525594874236,0.6222222222222222,0.9183673469387755
validation,20,random_forest,100,0.7096222811201232,0.7133072407045009,0.08141914257090023,0.5,0.88
